Symbol,Name,Last Sale,Net Change,% Change,Market Cap,Country,IPO Year,Volume,Sector,Industry
AAMC,Altisource Asset Management Corp Com,$24.74 ,0.1396,0.57%,40825585,United States,,22254,Finance,Real Estate
AAU,Almaden Minerals Ltd. Common Shares,$0.80 ,-0.0459,-5.43%,96450944,Canada,2015,2946329,Basic Industries,Precious Metals
ACU,Acme United Corporation. Common Stock,$33.68 ,-0.1352,-0.40%,112470617,United States,1988,2830,Capital Goods,Industrial Machinery/Components
ACY,AeroCentury Corp. Common Stock,$12.79 ,1.03,8.76%,19771856,United States,,897315,Technology,Diversified Commercial Services
AE,Adams Resources & Energy Inc. Common Stock,$28.08 ,-0.23,-0.81%,119123335,United States,,1607,Energy,Oil Refining/Marketing
AEF,Aberdeen Emerging Markets Equity Income Fund Inc. Common Stock,$8.92 ,-0.18,-1.98%,452705860,United States,,31659,,
AGE,AgeX Therapeutics Inc. Common Stock,$2.27 ,-0.01,-0.44%,85558677,,2018,158324,Health Care,Major Pharmaceuticals
AIM,AIM ImmunoTech Inc. Common Stock,$2.46 ,-0.015,-0.61%,97438979,United States,,1080024,Health Care,Biotechnology: Biological Products (No Diagnostic Substances)
AINC,Ashford Inc. (Holding Company) Common Stock,$9.12 ,0.42,4.83%,23291769,United States,2014,31158,Consumer Services,Professional Services
AIRI,Air Industries Group Common Stock,$1.92 ,-0.08,-4.00%,60921130,United States,,1049596,Capital Goods,Military/Government/Technical
AMBO,Ambow Education Holding Ltd. American Depository Shares each representing two Class A ordinary shares,$3.04 ,-0.03,-0.98%,70574621,China,,1155013,Consumer Services,Other Consumer Services
AMPE,Ampio Pharmaceuticals Inc.,$1.86 ,-0.1011,-5.16%,343998740,United States,,2617301,Health Care,Major Pharmaceuticals
AMS,American Shared Hospital Services Common Stock,$2.99 ,-0.045,-1.49%,17196585,United States,,360827,Health Care,Medical Specialities
ANVS,Annovis Bio Inc. Common Stock,$32.56 ,3.74,12.98%,224863821,United States,2020,573903,Health Care,Major Pharmaceuticals
APT,Alpha Pro Tech Ltd. Common Stock,$14.94 ,-0.56,-3.61%,202853004,Canada,,521256,Health Care,Industrial Specialties
ARMP,Armata Pharmaceuticals Inc. Common Stock,$5.95 ,0.205,3.57%,122207637,United States,,15873,Health Care,Biotechnology: Biological Products (No Diagnostic Substances)
ASM,Avino Silver & Gold Mines Ltd. Common Shares (Canada),$1.58 ,0.2089,15.25%,141419992,Canada,,7263397,Basic Industries,Precious Metals
ATNM,Actinium Pharmaceuticals Inc. (Delaware) Common Stock,$8.35 ,-0.46,-5.22%,113447484,United States,,585254,Health Care,Major Pharmaceuticals
AUMN,Golden Minerals Company Common Stock,$0.85 ,0.0199,2.41%,137286822,United States,,4827933,Basic Industries,Precious Metals
AWX,Avalon Holdings Corporation Common Stock,$4.71 ,0.19,4.20%,18253280,United States,,516103,Public Utilities,Environmental Services
AXU,Alexco Resource Corp Common Shares (Canada),$2.95 ,0.16,5.74%,412303629,Canada,,2037170,Basic Industries,Precious Metals
BATL,Battalion Oil Corporation Common Stock,$11.10 ,-0.06,-0.54%,179864034,,,16513,Energy,Oil & Gas Production
BCV,Bancroft Fund Ltd.,$32.02 ,-1.093,-3.30%,170506212,United States,,43532,,
BCV^A,Bancroft Fund Limited 5.375% Series A Cumulative Preferred Shares,$25.86 ,0.075,0.29%,,United States,,556,,
BDL,Flanigan's Enterprises Inc. Common Stock,$24.87 ,0,0.00%,46226595,United States,,80,Consumer Services,Restaurants
BDR,Blonder Tongue Laboratories Inc. Common Stock,$1.89 ,0.0789,4.36%,21904727,United States,,862877,Technology,Radio And Television Broadcasting And Communications Equipment
BGI,Birks Group Inc. Common Stock,$2.63 ,-0.76,-22.42%,47263417,Canada,,1744517,Consumer Services,Consumer Specialties
BHB,Bar Harbor Bankshares Inc. Common Stock,$25.80 ,0.56,2.22%,385156977,United States,,22672,Finance,Major Banks
BIOX,Bioceres Crop Solutions Corp. Ordinary Shares,$8.64 ,0.04,0.47%,348415145,,2018,10488,Basic Industries,Agricultural Chemicals
BKTI,BK Technologies Corporation Common Stock,$4.43 ,-0.04,-0.90%,55428009,United States,,86791,Technology,Radio And Television Broadcasting And Communications Equipment
BMTX,BM Technologies Inc. Common Stock,$13.11 ,-0.22,-1.65%,159945959,,2018,76054,Finance,Major Banks
BRBS,Blue Ridge Bankshares Inc. Common Stock,$19.86 ,-0.1586,-0.79%,245215796,,,32113,Finance,Major Banks
BRG,Bluerock Residential Growth REIT Inc. Class A Common Stock,$11.50 ,0.26,2.31%,254121860,,2014,413451,Consumer Services,Real Estate Investment Trusts
BRG^A,Bluerock Residential Growth REIT Inc. 8.250% Series A Cumulative Redeemable Preferred Stock ($0.01 par value per share),$25.31 ,0,0.00%,,,,1530,,
BRG^C,Bluerock Residential Growth REIT Inc. 7.625% Series C Cumulative Redeemable Preferred Stock,$25.87 ,0.15,0.58%,,,,2612,,
BRG^D,Bluerock Residential Growth REIT Inc. 7.125% Series D Cumulative Preferred Stock ($0.01 par value per share),$25.80 ,-0.18,-0.69%,,,,509,,
BRN,Barnwell Industries Inc. Common Stock,$4.47 ,0.26,6.18%,36998905,United States,,602467,Energy,Oil & Gas Production
BTG,B2Gold Corp Common shares (Canada),$5.08 ,0.32,6.72%,5337008264,Canada,,10387768,Basic Industries,Precious Metals
BTN,Ballantyne Strong Inc. Common Stock,$2.80 ,0.01,0.36%,50968882,United States,,191983,Miscellaneous,Industrial Machinery/Components
BWL/A,Bowl America Inc.,$10.50 ,0.33,3.25%,,United States,,3850,,
CANF,Can-Fite Biopharma Ltd Sponsored ADR (Israel),$2.47 ,0.12,5.11%,38072536,Israel,,13382996,Health Care,Major Pharmaceuticals
CCF,Chase Corporation Common Stock,$108.17 ,-2.19,-1.98%,1021816114,United States,,13697,Consumer Durables,Building Products
CDOR,Condor Hospitality Trust Inc. Common Stock,$5.15 ,-0.0775,-1.48%,61877842,United States,,11559,Consumer Services,Real Estate Investment Trusts
CEI,Camber Energy Inc. Common Stock,$2.01 ,0.023,1.16%,50325000,United States,,7096251,Energy,Oil & Gas Production
CET,Central Securities Corporation Common Stock,$36.41 ,-0.0701,-0.19%,955410449,United States,,10087,,
CEV,Eaton Vance California Municipal Income Trust Shares of Beneficial Interest,$13.28 ,-0.135,-1.01%,94698208,United States,1999,54942,,
CHAQ,Chardan Healthcare Acquisition 2 Corp. Common Stock,$10.85 ,0.01,0.09%,116944609,,2020,11601,Finance,Business Services
CHFW,Consonance-HFW Acquisition Corp. Class A Ordinary Shares,$10.46 ,-0.15,-1.41%,124829640,,2021,125059,,
CIK,Credit Suisse Asset Management Income Fund Inc. Common Stock,$3.32 ,0.07,2.15%,173652364,United States,,2572568,,
CIX,CompX International Inc. Common Stock,$14.45 ,0.07,0.49%,179919219,United States,1998,4411,Capital Goods,Industrial Machinery/Components
CKX,CKX Lands Inc. Common Stock,$11.75 ,0,0.00%,22819072,United States,,134,Energy,Oil & Gas Production
CLM,Cornerstone Strategic Value Fund Inc. New Common Stock,$12.78 ,-0.3518,-2.68%,972689656,United States,1987,1701522,,
CMCL,Caledonia Mining Corporation Plc Common Shares,$16.38 ,0.51,3.21%,198506321,Canada,,91871,Basic Industries,Precious Metals
CMT,Core Molding Technologies Inc Common Stock,$12.35 ,-0.2,-1.59%,98452632,United States,,34291,Consumer Non-Durables,Plastic Products
COHN,Cohen & Company Inc.,$18.00 ,0,0.00%,24017706,United States,,2061,Finance,Investment Bankers/Brokers/Service
CPHI,China Pharma Holdings Inc. Common Stock,$1.04 ,-0.07,-6.31%,47402739,China,,724200,Health Care,Major Pharmaceuticals
CQP,Cheniere Energy Partners LP Cheniere Energy Partners LP Common Units,$41.21 ,0.363,0.89%,19947900723,United States,2007,128882,Public Utilities,Oil/Gas Transmission
CRF,Cornerstone Total Return Fund Inc. (The) Common Stock,$12.57 ,-0.33,-2.56%,505770794,United States,,1026973,,
CRHM,CRH Medical Corporation Common Shares of Beneficial Interest,$3.91 ,-0.005,-0.13%,278868093,,2015,574708,Health Care,Medical/Nursing Services
CTEK,CynergisTek Inc. Common Stock,$2.76 ,-0.02,-0.72%,29399655,United States,2017,162773,Miscellaneous,Business Services
CVM,Cel-Sci Corporation Common Stock,$19.03 ,-0.8099,-4.08%,771276213,United States,,730574,Health Care,Biotechnology: Biological Products (No Diagnostic Substances)
CVR,Chicago Rivet & Machine Co. Common Stock,$27.92 ,1.54,5.84%,26974405,United States,,25540,Technology,Industrial Machinery/Components
CVU,CPI Aerostructures Inc. Common Stock,$4.96 ,-0.11,-2.17%,59278304,United States,,46746,Capital Goods,Military/Government/Technical
DHY,Credit Suisse High Yield Bond Fund Common Stock,$2.38 ,0.015,0.64%,245830080,United States,1998,5723222,,
DIT,AMCON Distributing Company Common Stock,$115.15 ,6.16,5.65%,63490140,United States,,2579,Consumer Non-Durables,Food Distributors
DLA,Delta Apparel Inc. Common Stock,$27.51 ,0.6,2.23%,191872897,United States,,16286,Consumer Non-Durables,Apparel
DMF,BNY Mellon Municipal Income Inc. Common Stock,$8.69 ,-0.09,-1.03%,180324435,United States,1988,38346,,
DNN,Denison Mines Corp Ordinary Shares (Canada),$1.20 ,-0.005,-0.42%,811106033,Canada,,54466026,Basic Industries,Precious Metals
DPW,Ault Global Holdings Inc. Common Stock,$5.32 ,-1.43,-21.19%,147648950,United States,,23479444,Capital Goods,Industrial Machinery/Components
DSS,Document Security Systems Inc. Common Stock,$4.04 ,-0.18,-4.27%,111787305,United States,,3261232,Consumer Durables,Containers/Packaging
DXF,Dunxin Financial Holdings Limited American Depositary Shares,$1.61 ,-0.17,-9.55%,33608539,China,,196582,Finance,Finance: Consumer Services
DXR,Daxor Corporation Common Stock,$12.50 ,-0.54,-4.14%,50171375,United States,,7245,Health Care,Medical/Dental Instruments
EAD,Wells Fargo Income Opportunities Fund Common Shares,$8.26 ,0.01,0.12%,500442128,United States,2003,87139,,
ECF,Ellsworth Growth and Income Fund Ltd.,$15.26 ,-0.32,-2.05%,201509170,United States,1986,63268,,
ECF^A,Ellsworth Growth and Income Fund Ltd. 5.25% Series A Cumulative Preferred Shares (Liquidation Preference $25.00 per share),$26.21 ,0.0011,0.00%,,United States,,620,,
EIM,Eaton Vance Municipal Bond Fund Common Shares of Beneficial Interest $.01 par value,$13.14 ,-0.23,-1.72%,945464838,United States,2002,133267,,
ELA,Envela Corporation Common Stock,$6.15 ,-0.1697,-2.69%,165593020,United States,,35785,Consumer Services,Consumer Specialties
ELLO,Ellomay Capital Ltd Ordinary Shares (Israel),$31.35 ,-2.36,-7.00%,396643147,Israel,,477,Public Utilities,Electric Utilities: Central
ELMD,Electromed Inc. Common Stock,$10.89 ,-0.21,-1.89%,94035640,United States,2011,57478,Health Care,Biotechnology: Electromedical & Electrotherapeutic Apparatus
EMAN,eMagin Corporation Common Stock,$3.85 ,-0.45,-10.47%,259873468,United States,,2545521,Technology,Semiconductors
EMX,EMX Royalty Corporation Common Shares (Canada),$3.58 ,0.1613,4.72%,302037745,Canada,,295223,Basic Industries,Precious Metals
ENSV,Enservco Corporation Common Stock,$2.51 ,-0.0113,-0.45%,25762962,United States,,840022,Energy,Oilfield Services/Equipment
ENX,Eaton Vance New York Municipal Bond Fund Common Shares of Beneficial Interest $.01 par value,$12.08 ,-0.06,-0.49%,218868992,United States,2002,49832,,
EPM,Evolution Petroleum Corporation Inc. Common Stock,$3.52 ,0.17,5.08%,117886736,United States,,156802,Energy,Oil & Gas Production
EQX,Equinox Gold Corp. Common Shares,$9.23 ,0.2926,3.27%,2233090568,Canada,,1144218,Basic Industries,Precious Metals
ERC,Wells Fargo Multi-Sector Income Fund Common Stock no par value,$12.41 ,0.02,0.16%,349119212,United States,2003,58147,,
ERH,Wells Fargo Utilities and High Income Fund,$12.66 ,-0.01,-0.08%,117422323,,2004,26496,,
ESP,Espey Mfg. & Electronics Corp. Common Stock,$19.25 ,-0.25,-1.28%,52025685,United States,,3795,Capital Goods,Industrial Machinery/Components
EVBN,Evans Bancorp Inc. Common Stock,$30.24 ,0.76,2.58%,162816363,United States,,16635,Finance,Major Banks
EVI,EVI Industries Inc.  Common Stock,$39.95 ,2.5,6.68%,489442991,United States,,38098,Consumer Services,Other Consumer Services
EVM,Eaton Vance California Municipal Bond Fund Common Shares of Beneficial Interest $.01 par value,$11.32 ,-0.1,-0.88%,282935917,United States,2002,99284,,
EVV,Eaton Vance Limited Duration Income Fund Common Shares of Beneficial Interest,$12.64 ,-0.0099,-0.08%,1468109922,United States,2003,336889,,
EVY,Eaton Vance New York Municipal Income Trust Shares of Beneficial Interest,$13.77 ,0.03,0.22%,74383172,United States,1999,29466,,
EXN,Excellon Resources Inc. Common Shares,$3.49 ,0.3357,10.64%,111920810,,2020,85372,Basic Industries,Precious Metals
FAX,Aberdeen Asia-Pacific Income Fund Inc Common Stock,$4.45 ,-0.075,-1.66%,1101007693,United States,1986,544491,,
FCO,Aberdeen Global Income Fund Inc. Common Stock,$8.17 ,-0.0999,-1.21%,71332702,United States,1992,74513,,
FEN,First Trust Energy Income and Growth Fund,$12.34 ,0.18,1.48%,243971240,United States,2004,94113,,
FRD,Friedman Industries Inc. Common Stock,$7.41 ,0.03,0.41%,52195551,United States,,22114,Capital Goods,Steel/Iron Ore
FSI,Flexible Solutions International Inc. Common Stock (CDA),$3.83 ,-0.04,-1.03%,46881287,Canada,,100508,Basic Industries,Major Chemicals
FSP,Franklin Street Properties Corp. Common Stock,$4.50 ,0.3,7.14%,482976896,United States,,914144,Consumer Services,Real Estate Investment Trusts
FTF,Franklin Limited Duration Income Trust Common Shares of Beneficial Interest,$9.53 ,0.09,0.95%,287223098,United States,2003,124086,,
FTSI,FTS International Inc. Class A Common Stock,$18.01 ,0.78,4.53%,252138667,United States,2020,77813,Energy,Oilfield Services/Equipment
FURY,Fury Gold Mines Limited Common Shares,$1.56 ,0.08,5.41%,183805217,,2020,708820,Basic Industries,Precious Metals
GAU,Galiano Gold Inc.,$1.31 ,0.1,8.26%,293739364,Canada,,2099287,Basic Industries,Mining & Quarrying of Nonmetallic Minerals (No Fuels)
GBR,New Concept Energy Inc Common Stock,$6.55 ,0.11,1.71%,33614174,United States,,1074453,Energy,Oil & Gas Production
GDP,Goodrich Petroleum Corporation Common Stock,$10.64 ,-0.07,-0.65%,134657552,United States,2017,29935,Energy,Oil & Gas Production
GGN,GAMCO Global Gold Natural Resources & Income Trust,$3.51 ,0.05,1.45%,578839298,United States,2005,1365070,,
GGN^B,GAMCO Global Gold Natural Reources & Income Trust 5.00% Series B Cumulative 25.00 Liquidation Preference,$25.36 ,-0.01,-0.04%,,United States,,8917,,
GGO,The Gabelli Go Anywhere Trust Common Shares of Beneficial Interest,$14.10 ,0,0.00%,21843402,,2016,5,,
GGO^A,The Gabelli Go Anywhere Trust Series A Cumulative Puttable and Callable Preferred Shares,$41.06 ,0.0601,0.15%,,,,100,,
GLDG,GoldMining Inc. Common Shares,$1.73 ,0.08,4.85%,255398506,,,818715,Basic Industries,Precious Metals
GLO,Clough Global Opportunities Fund Common Stock,$12.70 ,0.045,0.36%,409088910,United States,2006,156531,,
GLQ,Clough Global Equity Fund Clough Global Equity Fund Common Shares of Beneficial Interest,$15.90 ,-0.075,-0.47%,210304027,United States,2005,58257,,
GLU,Gabelli Global Utility Common Shares of Beneficial Ownership,$19.07 ,-0.1934,-1.00%,102474132,United States,2004,7687,,
GLU^A,The Gabelli Global Utility and Income Trust Series A Cumulative Puttable and Callable Preferred Shares,$46.52 ,0,0.00%,,United States,,60,,
GLV,Clough Global Dividend and Income Fund Common Shares of beneficial interest,$11.28 ,-0.0303,-0.27%,94819789,United States,2004,56991,,
GOED,1847 Goedeker Inc. Commom Stock,$12.53 ,-0.9,-6.70%,76573336,United States,2020,91138,Consumer Services,Home Furnishings
GORO,Gold Resource Corporation Common Stock,$2.96 ,0.185,6.68%,212363132,United States,,1329391,Basic Industries,Precious Metals
GPL,Great Panther Mining Limited Ordinary Shares (Canada),$1.06 ,0.086,8.83%,376011487,Canada,,11452769,Basic Industries,Precious Metals
GRF,Eagle Capital Growth Fund Inc. Common Stock,$7.92 ,-0.03,-0.38%,32268622,United States,,12179,,
GSAT,Globalstar Inc. Common Stock,$1.88 ,-0.27,-12.56%,3140361917,United States,2006,34790766,Consumer Services,Telecommunications Equipment
GSS,Golden Star Resources Ltd Common Stock,$3.40 ,0.24,7.60%,378286859,United States,,605622,Basic Industries,Precious Metals
GSV,Gold Standard Ventures Corporation Common Stock (Canada),$0.75 ,-0.0006,-0.08%,268142901,Canada,,8638159,Basic Industries,Mining & Quarrying of Nonmetallic Minerals (No Fuels)
GTE,Gran Tierra Energy Inc. Common Stock,$0.97 ,0.0221,2.33%,356742771,Canada,,20190810,Energy,Oil & Gas Production
HLM^,Hillman Group Capital Trust Preferred Stock,$25.58 ,0.03,0.12%,,United States,,13445,,
HMG,HMG/Courtland Properties Inc. Common Stock,$12.25 ,0.25,2.08%,12338788,United States,,163,Consumer Services,Real Estate Investment Trusts
HNW,Pioneer Diversified High Income Trust Pioneer Diversified High Income Trust Common Shares of Beneficial Interest,$14.76 ,-0.02,-0.14%,122991980,United States,2007,36320,,
HUSA,Houston American Energy Corporation Common Stock,$2.64 ,0.0701,2.73%,23988577,United States,,1190266,Energy,Oil & Gas Production
HWM^,Howmet Aerospace Inc. $3.75 Preferred Stock,$76.54 ,-2.0638,-2.63%,,United States,,800,,
IAF,Aberdeen Australia Equity Fund Inc Common Stock,$5.50 ,0.03,0.55%,127195756,United States,,75686,,
IBIO,iBio Inc. Common Stock,$2.01 ,0.0201,1.01%,434201562,United States,,10402400,Health Care,Major Pharmaceuticals
ID,PARTS iD Inc. Class A Common Stock,$8.97 ,-0.03,-0.33%,294874918,United States,2017,19743,Technology,Advertising
IGC,India Globalization Capital Inc. Common Stock,$1.97 ,-0.115,-5.53%,89144825,United States,,5826005,Technology,Electronic Components
IHT,InnSuites Hospitality Trust Shares of Beneficial Interest,$3.77 ,0.29,8.33%,34963828,United States,,162721,Consumer Services,Real Estate Investment Trusts
IMH,Impac Mortgage Holdings Inc. Common Stock ,$3.42 ,0.1058,3.20%,72516946,United States,1997,38867,Consumer Services,Real Estate Investment Trusts
IMO,Imperial Oil Limited Common Stock,$22.64 ,1.52,7.20%,16619497733,Canada,,920306,Energy,Integrated oil Companies
INDO,Indonesia Energy Corporation Limited Ordinary Shares,$8.97 ,1.3635,17.92%,66475284,,2019,252032,Energy,Oil & Gas Production
INFU,InfuSystems Holdings Inc. Common Stock,$19.02 ,-0.29,-1.50%,384906447,United States,,55685,Health Care,Medical/Dental Instruments
INS,Intelligent Systems Corporation Common Stock,$44.66 ,1.095,2.51%,396795265,United States,1992,58538,Technology,Computer Software: Prepackaged Software
INTT,inTest Corporation Common Stock,$8.28 ,-0.47,-5.37%,87181138,United States,1997,28677,Capital Goods,Electrical Products
INUV,Inuvo Inc.,$1.25 ,-0.16,-11.35%,148141754,United States,,5691979,Consumer Services,Advertising
IOR,Income Opportunity Realty Investors Inc. Common Stock,$11.89 ,0.59,5.22%,49560064,United States,,373,Consumer Services,Real Estate Investment Trusts
ISDR,Issuer Direct Corporation Common Stock,$24.90 ,1.03,4.32%,93169625,United States,,88704,Miscellaneous,Publishing
ISR,IsoRay Inc. Common Stock (DE),$1.50 ,-0.07,-4.46%,211799780,United States,,7329040,Health Care,Medical/Dental Instruments
ITP,IT Tech Packaging Inc. Common Stock,$1.08 ,-0.155,-12.60%,58821457,China,,7206846,Consumer Durables,Containers/Packaging
ITRG,Integra Resources Corp. Common Shares,$3.44 ,0.07,2.08%,187852129,,,87585,Basic Industries,Precious Metals
JOB,GEE Group Inc. Common Stock,$1.84 ,0.115,6.69%,32419171,United States,,700531,Technology,Diversified Commercial Services
KIQ,Kelso Technologies Inc Ordinary Shares,$1.18 ,0.03,2.61%,55660701,Canada,,4032501,Capital Goods,Railroads
KLR,Kaleyra Inc. Common Stock,$16.80 ,-0.13,-0.77%,492669761,United States,2018,1322917,Technology,EDP Services
LCTX,Lineage Cell Therapeutics Inc. Common Stock,$2.82 ,0.03,1.08%,422947399,United States,,1657299,Health Care,Biotechnology: Biological Products (No Diagnostic Substances)
LEU,Centrus Energy Corp. Class A Common Stock,$26.37 ,1.76,7.15%,323590621,United States,2014,89087,Basic Industries,Mining & Quarrying of Nonmetallic Minerals (No Fuels)
LGL,LGL Group Inc. (The) Common Stock,$11.15 ,0.04,0.36%,58641708,United States,,3317,Capital Goods,Industrial Machinery/Components
LNG,Cheniere Energy Inc. Common Stock,$68.26 ,-0.845,-1.22%,17218962894,United States,,881742,Public Utilities,Oil/Gas Transmission
LODE,Comstock Mining Inc. Common Stock,$5.45 ,-0.22,-3.88%,190645175,United States,,5674028,Basic Industries,Precious Metals
LOV,Spark Networks Inc. American Depositary Shares (each representing one-tenth of an Ordinary Share),$6.14 ,-0.68,-9.97%,159989243,United States,2017,186181,Consumer Services,Other Consumer Services
LSF,Laird Superfood Inc. Common Stock,$43.54 ,-4.65,-9.65%,386412711,,2020,68131,Consumer Non-Durables,Packaged Foods
LXFR,Luxfer Holdings PLC Ordinary Shares,$19.46 ,0.8,4.29%,537526047,United Kingdom,2012,47455,Basic Industries,Major Chemicals
MAG,MAG Silver Corporation Ordinary Shares,$21.48 ,1.3698,6.81%,2035066749,Canada,,1031389,Basic Industries,Precious Metals
MCF,Contango Oil & Gas Company Common Stock (TX),$4.86 ,-0.09,-1.82%,844121853,United States,,2102440,Energy,Oil & Gas Production
MHH,Mastech Digital Inc Common Stock,$15.98 ,0.0999,0.63%,181847251,United States,,52939,Consumer Services,Professional Services
MLSS,Milestone Scientific Inc. Common Stock,$3.81 ,-0.3,-7.30%,242672117,United States,2015,883719,Health Care,Industrial Specialties
MMX,Maverix Metals Inc. Common Shares,$5.32 ,0.24,4.72%,747397804,,,177336,Basic Industries,Precious Metals
MSN,Emerson Radio Corporation Common Stock,$1.87 ,0.04,2.19%,39349759,United States,,734738,Consumer Non-Durables,Consumer Electronics/Appliances
MTA,Metalla Royalty & Streaming Ltd. Common Shares,$9.61 ,0.14,1.48%,380710875,,,381373,Basic Industries,Precious Metals
MTNB,Matinas Biopharma Holdings Inc. Common Stock,$1.35 ,-0.0581,-4.12%,269895693,United States,2017,2816526,Health Care,Major Pharmaceuticals
MXC,Mexco Energy Corporation Common Stock,$10.01 ,0.58,6.15%,20737377,United States,,332282,Energy,Oil & Gas Production
MYO,Myomo Inc. Common Stock,$15.44 ,-0.01,-0.07%,70742807,United States,2017,212479,Health Care,Industrial Specialties
NAK,Northern Dynasty Minerals Ltd. Common Stock,$0.82 ,0.0044,0.54%,415280242,Canada,,30250946,Basic Industries,Precious Metals
NAVB,Navidea Biopharmaceuticals Inc. Common Stock,$2.80 ,0.1049,3.89%,78494198,United States,,347253,Health Care,Biotechnology: In Vitro & In Vivo Diagnostic Substances
NBA,New Beginnings Acquisition Corp. Common Stock,$10.30 ,-0.15,-1.44%,153676000,,2020,28884,Finance,Business Services
NBH,Neuberger Berman Municipal Fund Inc. Common Stock,$15.43 ,-0.27,-1.72%,290363221,United States,2002,30473,,
NBO,Neuberger Berman New York Municipal Fund Inc. Common Stock,$12.26 ,-0.09,-0.73%,62249132,United States,2002,10964,,
NBW,Neuberger Berman California Municipal Fund Inc Common Stock,$13.31 ,-0.105,-0.78%,73856640,United States,2002,51217,,
NBY,NovaBay Pharmaceuticals Inc. Common Stock,$1.47 ,0.195,15.35%,61211486,United States,2007,14979301,Health Care,Major Pharmaceuticals
NEN,New England Realty Associates Limited Partnership Class A Depositary Receipts Evidencing Units of Limited Partnership,$51.89 ,0.05,0.10%,189538395,United States,,218,Consumer Services,Building operators
NES,Nuverra Environmental Solutions Inc. Common Stock,$3.00 ,-0.06,-1.96%,47317260,United States,2017,35916,Energy,Oilfield Services/Equipment
NG,Novagold Resources Inc.,$9.33 ,0.32,3.55%,3091221385,Canada,,1251553,Basic Industries,Precious Metals
NGD,New Gold Inc.,$1.70 ,0.19,12.58%,1149880000,Canada,,10486235,Basic Industries,Precious Metals
NHC,National HealthCare Corporation Common Stock,$66.10 ,0.9072,1.39%,1015219150,United States,,16479,Health Care,Hospital/Nursing Management
NHS,Neuberger Berman High Yield Strategies Fund,$12.27 ,0.04,0.33%,239762978,United States,,28278,,
NML,Neuberger Berman MLP and Energy Income Fund Inc. Common Stock,$3.95 ,0.07,1.80%,223802766,,2013,421858,,
NNVC,NanoViricides Inc. Common Stock,$4.73 ,-0.2171,-4.39%,50533173,United States,,163433,Health Care,Major Pharmaceuticals
NOG,Northern Oil and Gas Inc. Common Stock,$12.27 ,0.99,8.78%,739671220,United States,,1783151,,
NRO,Neuberger Berman Real Estate Securities Income Fund Inc. Neuberger Berman Real Estate Securities Income Fund Inc.,$4.31 ,-0.01,-0.23%,204381928,United States,2003,191264,,
NSPR,InspireMD Inc. Common Stock,$1.10 ,-0.0889,-7.47%,122434696,Israel,,19226864,Health Care,Medical/Dental Instruments
NTIP,Network-1 Technologies Inc. Common Stock,$3.65 ,-0.0988,-2.64%,87749567,United States,,20910,Miscellaneous,Multi-Sector Companies
NTN,NTN Buzztime Inc. Common Stock,$4.78 ,-0.028,-0.58%,14184952,United States,,1233571,Health Care,Major Pharmaceuticals
NXE,Nexgen Energy Ltd. Common Shares,$3.97 ,0.085,2.19%,1497620424,,,3105150,Basic Industries,Precious Metals
OCX,OncoCyte Corporation Common Stock,$6.13 ,-0.21,-3.31%,537042005,United States,2015,1059547,Health Care,Biotechnology: In Vitro & In Vivo Diagnostic Substances
OGEN,Oragenics Inc. Common Stock,$1.26 ,-0.0399,-3.07%,137695595,United States,,7787363,Health Care,Major Pharmaceuticals
ORLA,Orla Mining Ltd. Common Shares,$4.22 ,0.415,10.92%,965091690,,2020,808705,Basic Industries,Precious Metals
PCG^A,Pacific Gas & Electric Co. 6% Preferred Stock,$29.00 ,0.05,0.17%,,United States,,11123,,
PCG^B,Pacific Gas & Electric Co. 5 1/2% Preferred Stock,$26.94 ,-0.31,-1.14%,,United States,,1727,,
PCG^C,Pacific Gas & Electric Co. 5% 1st Preferred Stock,$24.72 ,-0.53,-2.10%,,United States,,3685,,
PCG^D,Pacific Gas & Electric Co. 5% 1st  Red. Preferred Stock,$24.30 ,-0.72,-2.88%,,United States,,2519,,
PCG^E,Pacific Gas & Electric Co. 5% 1st A Preferred Stock,$24.47 ,-0.5797,-2.31%,,United States,,408,,
PCG^G,Pacific Gas & Electric Co. 4.80% 1st Preferred Stock,$23.45 ,-0.78,-3.22%,,United States,,2081,,
PCG^H,Pacific Gas & Electric Co. 4.50% 1st Preferred Stock,$22.94 ,-0.3191,-1.37%,,United States,,2583,,
PCG^I,Pacific Gas & Electric Co. 4.36% 1st Preferred Stock,$23.57 ,-0.35,-1.46%,,United States,,11528,,
PED,Pedevco Corp. Common Stock,$2.06 ,0.2001,10.76%,163691982,United States,,9001398,Energy,Oil & Gas Production
PHGE,BiomX Inc. COmmon Stock,$8.45 ,0.46,5.76%,196437589,,2019,247947,Health Care,Biotechnology: Biological Products (No Diagnostic Substances)
PLAG,Planet Green Holdings Corp. Common Stock,$3.13 ,-0.02,-0.64%,49853904,China,,60805,Consumer Non-Durables,Packaged Foods
PLG,Platinum Group Metals Ltd. Ordinary Shares (Canada),$4.77 ,-0.2299,-4.60%,344774127,Canada,,1791435,Basic Industries,Precious Metals
PLM,Polymet Mining Corporation Ordinary Shares (Canada),$4.78 ,0.1402,3.02%,481364782,Canada,,1152484,Basic Industries,Precious Metals
PLX,Protalix BioTherapeutics Inc. (DE) Common Stock,$5.16 ,0.05,0.98%,189025413,Israel,,1508509,Health Care,Biotechnology: Biological Products (No Diagnostic Substances)
PLYM^A,Plymouth Industrial REIT Inc. 7.50% Series A Cumulative Redeemable Preferred Stock,$26.50 ,-0.15,-0.56%,,United States,,2996,,
PRK,Park National Corporation Common Stock,$123.70 ,3.49,2.90%,2179985263,United States,,44374,Finance,Major Banks
PTK,PTK Acquisition Corp. Common Stock,$10.30 ,-0.044,-0.43%,148062500,United States,2020,17054,Finance,Business Services
PTN,Palatin Technologies Inc. Common Stock,$0.87 ,-0.0485,-5.29%,199623772,United States,,7558902,Health Care,Major Pharmaceuticals
PW,Power REIT (MD) Common Stock,$44.05 ,0.545,1.25%,145327931,United States,,26158,Consumer Services,Real Estate Investment Trusts
PW^A,Power REIT 7.75% Series A Cumulative Perpetual Preferred Stock,$25.97 ,-0.0258,-0.10%,,United States,,3694,,
PZG,Paramount Gold Nevada Corp. Common Stock,$1.22 ,0.04,3.39%,44196386,United States,2015,334371,Basic Industries,Precious Metals
RCG,RENN Fund Inc Common Stock,$2.33 ,0.0133,0.57%,13887699,United States,,13127,,
REI,Ring Energy Inc. Common Stock,$2.19 ,0.2299,11.73%,178846067,United States,,8809295,Energy,Oil & Gas Production
RHE,Regional Health Properties Inc. Common Stock,$6.96 ,0.485,7.50%,11741563,,2017,2067043,Consumer Services,Real Estate
RHE^A,Regional Health Properties Inc. 10.875% Series A Cumulative Redeemable Preferred Stock,$2.80 ,0.0506,1.84%,,,,11600,,
RLGT,Radiant Logistics Inc. Common Stock,$6.97 ,-0.06,-0.85%,348273747,United States,,111473,Transportation,Oil Refining/Marketing
RMED,Ra Medical Systems Inc. Common Stock,$8.63 ,0.0068,0.08%,27809111,,2018,233113,Health Care,Medical/Dental Instruments
RVP,Retractable Technologies Inc. Common Stock,$16.95 ,-0.475,-2.73%,573022355,United States,,793673,Health Care,Medical/Dental Instruments
SACC,Sachem Capital Corp. 6.875% Notes due 2024,$25.26 ,0.085,0.34%,0,United States,2019,734,Consumer Services,Real Estate Investment Trusts
SACH,Sachem Capital Corp. Common Shares,$4.64 ,0.115,2.54%,102548453,United States,2017,155807,Consumer Services,Real Estate Investment Trusts
SCCB,Sachem Capital Corp. 7.125% Notes due 2024,$25.90 ,0.005,0.02%,0,United States,2019,973,Consumer Services,Real Estate Investment Trusts
SCCC,Sachem Capital Corp. 7.75% Notes due 2025,$25.54 ,0.0047,0.02%,0,United States,2020,4138,Consumer Services,Real Estate Investment Trusts
SDPI,Superior Drilling Products Inc. Common Stock,$1.25 ,0.1,8.70%,32021858,,2014,2958684,Energy,Metal Fabrications
SEB,Seaboard Corporation Common Stock,"$3,132.95 ",22.89,0.74%,3636662568,United States,1996,1361,Consumer Services,Farming/Seeds/Milling
SENS,Senseonics Holdings Inc. Common Stock,$4.07 ,-0.565,-12.20%,1513353899,United States,,33513436,Capital Goods,Industrial Machinery/Components
SIF,SIFCO Industries Inc. Common Stock,$9.50 ,-0.1,-1.04%,56612676,United States,,23407,Capital Goods,Aerospace
SILV,SilverCrest Metals Inc. Common Shares,$9.07 ,0.26,2.95%,1173208708,,2018,3040413,Basic Industries,Precious Metals
SIM,Grupo Simec S.A.B. de C.V. American Depositary Shares,$13.00 ,-0.4898,-3.63%,2156739923,Mexico,1993,655,Basic Industries,Steel/Iron Ore
SMTS,Sierra Metals Inc. Common Stock,$2.94 ,0.12,4.26%,478632000,,,558910,Basic Industries,Precious Metals
SNMP,Sanchez Midstream Partners LP Common Stock,$1.38 ,0.0645,4.90%,58339017,United States,,676668,Energy,Oil & Gas Production
SSY,SunLink Health Systems Inc. Common Stock,$2.51 ,0.125,5.25%,17282799,United States,,5812284,Health Care,Hospital/Nursing Management
STXS,Stereotaxis Inc. Common Stock,$5.56 ,-0.05,-0.89%,409692097,United States,,132121,Health Care,Biotechnology: Electromedical & Electrotherapeutic Apparatus
SVM,Silvercorp Metals Inc. Common Shares,$6.60 ,0.49,8.02%,1157364199,,,2698251,Basic Industries,Precious Metals
SVT,Servotronics Inc. Common Stock,$9.20 ,-0.1042,-1.12%,22883077,United States,,6607,Capital Goods,Industrial Machinery/Components
SYN,Synthetic Biologics Inc. Common Stock,$0.84 ,-0.0238,-2.76%,60982728,United States,,27622578,Health Care,Major Pharmaceuticals
TGB,Taseko Mines Ltd. Common Stock,$2.04 ,0.24,13.33%,569576947,Canada,,10614739,Basic Industries,Precious Metals
TGC,Tengasco Inc. Common Stock,$4.71 ,0.58,14.04%,50326548,United States,,7334736,Energy,Oil & Gas Production
THM,International Tower Hill Mines Ltd. Ordinary Shares (Canada),$1.27 ,0.095,8.12%,246558853,Canada,,329447,Basic Industries,Precious Metals
TKAT,Takung Art Co. Ltd. Common Stock,$3.36 ,-0.145,-4.14%,37815477,,,273365,Consumer Services,Other Specialty Stores
TMBR,Timber Pharmaceuticals Inc. Common Stock,$1.93 ,-0.21,-9.81%,22868630,United States,2015,5327957,Health Care,Major Pharmaceuticals
TMP,Tompkins Financial Corporation Common Stock,$77.56 ,1.24,1.63%,1150954722,United States,,17628,Finance,Major Banks
TMQ,Trilogy Metals Inc. Common Stock,$2.47 ,-0.035,-1.40%,355417822,Canada,,896635,Basic Industries,Precious Metals
TPHS,Trinity Place Holdings Inc. Common Stock,$2.68 ,0.2788,11.62%,86182640,,,105300,Consumer Services,Building operators
TRT,Trio-Tech International Common Stock,$5.18 ,-0.0886,-1.68%,19225870,United States,,177517,Technology,Industrial Machinery/Components
TRX,Tanzanian Gold Corporation Common Stock,$0.81 ,0.0117,1.46%,203916666,Canada,,6776424,Basic Industries,Precious Metals
TRXC,TransEnterix Inc. Common Stock,$5.43 ,0.2854,5.55%,1219229428,United States,,23961737,Health Care,Medical/Dental Instruments
UAMY,United States Antimony Corporation Common Stock,$1.70 ,-0.3206,-15.87%,156022084,United States,,10862366,Capital Goods,Metal Fabrications
UAVS,AgEagle Aerial Systems Inc. Common Stock,$9.27 ,-1.05,-10.17%,545090582,United States,,5723879,Capital Goods,Aerospace
UEC,Uranium Energy Corp. Common Stock,$2.45 ,-0.05,-2.00%,487694322,Canada,,5558137,Basic Industries,Precious Metals
UFAB,Unique Fabricating Inc. Common Stock,$7.19 ,0.0034,0.05%,70263171,United States,2015,8155,Capital Goods,Auto Parts:O.E.M.
URG,Ur Energy Inc Common Shares (Canada),$1.19 ,-0.12,-9.16%,224085394,Canada,,5197887,Basic Industries,Precious Metals
USAS,Americas Gold and Silver Corporation Common Shares no par value,$2.75 ,0.1399,5.36%,352945691,,2017,1468039,Basic Industries,Precious Metals
UTG,Reaves Utility Income Fund Common Shares of Beneficial Interest,$31.99 ,-0.4042,-1.25%,1725197496,United States,2004,388665,,
UUU,Universal Security Instruments Inc. Common Stock,$9.55 ,0.31,3.36%,22088071,United States,,1016719,Technology,Electronic Components
UUUU,Energy Fuels Inc Ordinary Shares (Canada),$5.60 ,-0.175,-3.03%,751355247,,,3454327,Basic Industries,Mining & Quarrying of Nonmetallic Minerals (No Fuels)
VCF,Delaware Investments Colorado Municipal Income Fund Inc  Common Stock,$14.24 ,-0.0068,-0.05%,68895783,United States,1993,9617,,
VFL,Delaware Investments National Municipal Income Fund Common Stock,$13.16 ,-0.15,-1.13%,59594310,United States,1993,5403,,
VGZ,Vista Gold Corp Common Stock,$1.02 ,0,0.00%,104738398,United States,,472408,Basic Industries,Precious Metals
VHAQ,Viveon Health Acquisition Corp. Common Stock,$10.12 ,-0.025,-0.25%,254581250,,2021,79205,Finance,Business Services
VKI,Invesco Advantage Municipal Income Trust II Common Shares of Beneficial Interest (DE),$11.30 ,-0.2119,-1.84%,501540182,United States,,69499,,
VMM,Delaware Investments Minnesota Municipal Income Fund II Inc. Common Stock,$13.05 ,-0.16,-1.21%,150139924,United States,1993,28168,,
VNRX,VolitionRX Limited Common Stock,$4.75 ,-0.1,-2.06%,250444463,Singapore,2015,292688,Health Care,Biotechnology: In Vitro & In Vivo Diagnostic Substances
VOLT,Volt Information Sciences Inc. Common Stock,$3.37 ,0.09,2.74%,73252258,United States,,109090,Technology,Professional Services
WLMS,Williams Industrial Services Group Inc.,$3.20 ,0,0.00%,,,,25068,,
WRN,Western Copper and Gold Corporation Common Stock,$1.90 ,0.205,12.13%,256957518,Canada,2011,4782339,Basic Industries,Precious Metals
WTT,Wireless Telecom Group  Inc. Common Stock,$2.35 ,-0.08,-3.29%,50983274,United States,,121957,Capital Goods,Telecommunications Equipment
WYY,WidePoint Corporation Common Stock,$12.25 ,-0.9345,-7.09%,103581427,United States,,297691,Technology,EDP Services
XPL,Solitario Zinc Corp. Common Stock,$1.00 ,-0.071,-6.64%,58050258,United States,,4347263,Basic Industries,Precious Metals
XTNT,Xtant Medical Holdings Inc. Common Stock,$2.08 ,-0.045,-2.12%,159486646,United States,,83191,Health Care,Biotechnology: Biological Products (No Diagnostic Substances)
XXII,22nd Century Group Inc. Common Stock,$4.26 ,0.1211,2.93%,591692907,United States,,5658745,Consumer Non-Durables,Farming/Seeds/Milling
YCBD,cbdMD Inc. Common Stock,$4.34 ,-0.11,-2.47%,226926070,United States,2017,1698148,Consumer Non-Durables,Package Goods/Cosmetics
YCBD^A,cbdMD Inc. 8.0% Series A Cumulative Convertible Preferred Stock,$8.94 ,-0.1117,-1.23%,,United States,,6457,,
ZDGE,Zedge Inc. Class B Common Stock ,$12.47 ,-1.18,-8.65%,156171624,,2016,342890,Technology,Computer Software: Prepackaged Software
ZOM,Zomedica Corp. Common Shares,$2.08 ,-0.205,-8.99%,1964782655,United States,2017,48290751,Health Care,Major Pharmaceuticals
